Workbook

Sheet Movie Data
A1: Film | B1: Genre | C1: Lead Studio | D1: Audience score % | E1: Profitability | F1: Rotten Tomatoes % | G1: Worldwide Gross | H1: Year
A2: Mamma Mia! | B2: Comedy | C2: Universal | D2: 76 | E2: 9234453864 | F2: 53 | G2: 609473955 | H2: 2008
A3: WALL-E | B3: Animation | C3: Disney | D3: 89 | E3: 2896019067 | F3: 96 | G3: 521283432 | H3: 2008
A4: Sex and the City | B4: Comedy | C4: Warner Bros. | D4: 81 | E4: 7221795791 | F4: 49 | G4: 415253258 | H4: 2008
A5: Enchanted | B5: Comedy | C5: Disney | D5: 80 | E5: 4005737082 | F5: 93 | G5: 340487652 | H5: 2007
A6: High School Musical 3: Senior Year | B6: Comedy | C6: Disney | D6: 76 | E6: 2291313646 | F6: 65 | G6: 252044501 | H6: 2008
A7: What Happens in Vegas | B7: Comedy | C7: Fox | D7: 72 | E7: 6267647029 | F7: 28 | G7: 219367646 | H7: 2008
A8: Knocked Up | B8: Comedy | C8: Universal | D8: 83 | E8: 6636401848 | F8: 91 | G8: 219001261 | H8: 2007
A9: 27 Dresses | B9: Comedy | C9: Fox | D9: 71 | E9: 53436218 | F9: 40 | G9: 160308654 | H9: 2008
A10: P.S. I Love You | B10: Romance | C10: Independent | D10: 82 | E10: 5103116833 | F10: 21 | G10: 153093505 | H10: 2007
A11: Music and Lyrics | B11: Romance | C11: Warner Bros. | D11: 70 | E11: 364741055 | F11: 63 | G11: 145896422 | H11: 2007
A12: Made of Honor | B12: Comedy | C12: Sony | D12: 61 | E12: 264906835 | F12: 13 | G12: 105962734 | H12: 2008
A13: License to Wed | B13: Comedy | C13: Warner Bros. | D13: 55 | E13: 19802064 | F13: 8 | G13: 69307224 | H13: 2007
... A75: Waiting For Forever | B75: Romance | C75: Independent | D75: 53 | E75: 0.005 | F75: 6 | G75: 0.025 | H75: 2011

Sheet Resumo
B1: Data | F1: Data
A2: Lead Studio | B2: Contagem de Film | C2: Soma de Worldwide Gross | E2: Genre | F2: Soma de Worldwide Gross | G2: Contagem de Film
A3: 20th Century Fox | B3: 2 | C3: 156758 | E3: Action | F3: 93.4 | G3: 1
A4: CBS | B4: 1 | C4: 77.09 | E4: Animation | F4: 5.2147775e+08 | G4: 3
A5: Disney | B5: 7 | C5: 1.1140103e+09 | E5: Comedy | F5: 2.5422705e+09 | G5: 41
A6: Fox | B6: 6 | C6: 3.7990406e+08 | E6: Drama | F6: 52438768 | G6: 13
A7: Independent | B7: 19 | C7: 2.8479961e+08 | E7: Fantasy | F7: 285431 | G7: 1
A8: Lionsgate | B8: 2 | C8: 59192221 | E8: Romance | F8: 4.0700427e+08 | G8: 15
A9: New Line | B9: 1 | C9: 20.71 | E9: Total Result | F9: 3.5234768e+09 | G9: 74
A10: Paramount | B10: 4 | C10: 56082793
A11: Sony | B11: 4 | C11: 1.3949029e+08
A12: Summit | B12: 5 | C12: 21119502
A13: The Weinstein Company | B13: 3 | C13: 50218.62
A14: Universal | B14: 7 | C14: 8.2850569e+08
A15: Warner Bros. | B15: 13 | C15: 6.4016528e+08
A16: Total Result | B16: 74 | C16: 3.5234768e+09

Sheet Analysis
A1: ANÁLISE DE DADOS — FILMES 2007-2011 | Asimov Jr Semana 7
A3: 1. ESTATÍSTICAS GERAIS — SOMA | MÉDIA | MÁX | MÍN | MAIOR | MENOR | CONT.VALORES | CONTAR.VAZIO | F3: 2. FUNÇÕES LÓGICAS — SE | OU | SEERRO
A4: Métrica | B4: Audience Score % | C4: Rotten Tomatoes % | D4: Worldwide Gross | F4: Filme | G4: Popular? (SE) | H4: Aprovado? (SE+OU)
A5: SOMA | B5: =SUM('Movie Data'!D2:D75) -> 4697 | C5: =SUM('Movie Data'!F2:F75) -> 3505 | D5: =SUM('Movie Data'!G2:G75) -> 3.5234768e+09 | F5: =IFERROR('Movie Data'!A2,"Sem dado") -> Mamma Mia! | G5: =IF('Movie Data'!D2>=75,"Popular","Moderado") -> Popular | H5: =IF(OR('Movie Data'!F2>=70,'Movie Data'!D2>=80),"Aprovado","Rejeitado") -> Rejeitado
A6: MÉDIA | B6: =AVERAGE('Movie Data'!D2:D75) -> 63.472973 | C6: =AVERAGE('Movie Data'!F2:F75) -> 47.364865 | D6: =AVERAGE('Movie Data'!G2:G75) -> 47614551 | F6: =IFERROR('Movie Data'!A3,"Sem dado") -> WALL-E | G6: =IF('Movie Data'!D3>=75,"Popular","Moderado") -> Popular | H6: =IF(OR('Movie Data'!F3>=70,'Movie Data'!D3>=80),"Aprovado","Rejeitado") -> Aprovado
A7: MÁXIMO | B7: =MAX('Movie Data'!D2:D75) -> 89 | C7: =MAX('Movie Data'!F2:F75) -> 96 | D7: =MAX('Movie Data'!G2:G75) -> 609473955 | F7: =IFERROR('Movie Data'!A4,"Sem dado") -> Sex and the City | G7: =IF('Movie Data'!D4>=75,"Popular","Moderado") -> Popular | H7: =IF(OR('Movie Data'!F4>=70,'Movie Data'!D4>=80),"Aprovado","Rejeitado") -> Aprovado
A8: MÍNIMO | B8: =MIN('Movie Data'!D2:D75) -> 15 | C8: =MIN('Movie Data'!F2:F75) -> 3 | D8: =MIN('Movie Data'!G2:G75) -> 0.025 | F8: =IFERROR('Movie Data'!A5,"Sem dado") -> Enchanted | G8: =IF('Movie Data'!D5>=75,"Popular","Moderado") -> Popular | H8: =IF(OR('Movie Data'!F5>=70,'Movie Data'!D5>=80),"Aprovado","Rejeitado") -> Aprovado
A9: MAIOR (2°) | B9: =LARGE('Movie Data'!D2:D75,2) -> 89 | C9: =LARGE('Movie Data'!F2:F75,2) -> 93 | D9: =LARGE('Movie Data'!G2:G75,2) -> 521283432 | F9: =IFERROR('Movie Data'!A6,"Sem dado") -> High School Musical 3: Senior Year | G9: =IF('Movie Data'!D6>=75,"Popular","Moderado") -> Popular | H9: =IF(OR('Movie Data'!F6>=70,'Movie Data'!D6>=80),"Aprovado","Rejeitado") -> Rejeitado
A10: MENOR (2°) | B10: =SMALL('Movie Data'!D2:D75,2) -> 35 | C10: =SMALL('Movie Data'!F2:F75,2) -> 6 | D10: =SMALL('Movie Data'!G2:G75,2) -> 10.7 | F10: =IFERROR('Movie Data'!A7,"Sem dado") -> What Happens in Vegas | G10: =IF('Movie Data'!D7>=75,"Popular","Moderado") -> Moderado | H10: =IF(OR('Movie Data'!F7>=70,'Movie Data'!D7>=80),"Aprovado","Rejeitado") -> Rejeitado
A11: CONT.VALORES | B11: =COUNTA('Movie Data'!D2:D75) -> 74 | C11: =COUNTA('Movie Data'!F2:F75) -> 74 | D11: =COUNTA('Movie Data'!G2:G75) -> 74 | F11: =IFERROR('Movie Data'!A8,"Sem dado") -> Knocked Up | G11: =IF('Movie Data'!D8>=75,"Popular","Moderado") -> Popular | H11: =IF(OR('Movie Data'!F8>=70,'Movie Data'!D8>=80),"Aprovado","Rejeitado") -> Aprovado
A12: CONTAR.VAZIO | B12: =COUNTBLANK('Movie Data'!D2:D75) -> 0 | C12: =COUNTBLANK('Movie Data'!F2:F75) -> 0 | D12: =COUNTBLANK('Movie Data'!G2:G75) -> 0 | F12: =IFERROR('Movie Data'!A9,"Sem dado") -> 27 Dresses | G12: =IF('Movie Data'!D9>=75,"Popular","Moderado") -> Moderado | H12: =IF(OR('Movie Data'!F9>=70,'Movie Data'!D9>=80),"Aprovado","Rejeitado") -> Rejeitado
A14: 3. FUNÇÕES CONDICIONAIS — CONT.SE | SOMASE | MÉDIASE | F14: 4. PESQUISA — PROCV | CORRESP | ÍNDICE
A15: Gênero | B15: Qtd (CONT.SE) | C15: Gross Total (SOMASE) | D15: Média Audience % (MÉDIASE) | F15: Filme Pesquisado | G15: Gênero (PROCV) | H15: Posição (CORRESP)
A16: Comedy | B16: =COUNTIF('Movie Data'!B2:B75,"Comedy") -> 41 | C16: =SUMIF('Movie Data'!B2:B75,"Comedy",'Movie Data'!G2:G75) -> 2.5422705e+09 | D16: =AVERAGEIF('Movie Data'!B2:B75,"Comedy",'Movie Data'!D2:D75) -> 61.390244 | F16: Mamma Mia! | G16: =IFERROR(VLOOKUP("Mamma Mia!",'Movie Data'!A2:H75,2,0),"Não encontrado") -> Comedy | H16: =IFERROR(MATCH("Mamma Mia!",'Movie Data'!A2:A75,0),"Não encontrado") -> 1
A17: Romance | B17: =COUNTIF('Movie Data'!B2:B75,"Romance") -> 15 | C17: =SUMIF('Movie Data'!B2:B75,"Romance",'Movie Data'!G2:G75) -> 4.0700427e+08 | D17: =AVERAGEIF('Movie Data'!B2:B75,"Romance",'Movie Data'!D2:D75) -> 63.4 | F17: WALL-E | G17: =IFERROR(VLOOKUP("WALL-E",'Movie Data'!A2:H75,2,0),"Não encontrado") -> Animation | H17: =IFERROR(MATCH("WALL-E",'Movie Data'!A2:A75,0),"Não encontrado") -> 2
A18: Drama | B18: =COUNTIF('Movie Data'!B2:B75,"Drama") -> 13 | C18: =SUMIF('Movie Data'!B2:B75,"Drama",'Movie Data'!G2:G75) -> 52438768 | D18: =AVERAGEIF('Movie Data'!B2:B75,"Drama",'Movie Data'!D2:D75) -> 67.230769 | F18: Twilight | G18: =IFERROR(VLOOKUP("Twilight",'Movie Data'!A2:H75,2,0),"Não encontrado") -> Romance | H18: =IFERROR(MATCH("Twilight",'Movie Data'!A2:A75,0),"Não encontrado") -> 24
A19: Animation | B19: =COUNTIF('Movie Data'!B2:B75,"Animation") -> 3 | C19: =SUMIF('Movie Data'!B2:B75,"Animation",'Movie Data'!G2:G75) -> 5.2147775e+08 | D19: =AVERAGEIF('Movie Data'!B2:B75,"Animation",'Movie Data'!D2:D75) -> 76.333333 | F19: Tangled | G19: =IFERROR(VLOOKUP("Tangled",'Movie Data'!A2:H75,2,0),"Não encontrado") -> Animation | H19: =IFERROR(MATCH("Tangled",'Movie Data'!A2:A75,0),"Não encontrado") -> 40
A20: Fantasy | B20: =COUNTIF('Movie Data'!B2:B75,"Fantasy") -> 1 | C20: =SUMIF('Movie Data'!B2:B75,"Fantasy",'Movie Data'!G2:G75) -> 285431 | D20: =AVERAGEIF('Movie Data'!B2:B75,"Fantasy",'Movie Data'!D2:D75) -> 81 | F20: Beginners | G20: =IFERROR(VLOOKUP("Beginners",'Movie Data'!A2:H75,2,0),"Não encontrado") -> Comedy | H20: =IFERROR(MATCH("Beginners",'Movie Data'!A2:A75,0),"Não encontrado") -> 72
A21: Action | B21: =COUNTIF('Movie Data'!B2:B75,"Action") -> 1 | C21: =SUMIF('Movie Data'!B2:B75,"Action",'Movie Data'!G2:G75) -> 93.4 | D21: =AVERAGEIF('Movie Data'!B2:B75,"Action",'Movie Data'!D2:D75) -> 45 | F21: Jane Eyre | G21: =IFERROR(VLOOKUP("Jane Eyre",'Movie Data'!A2:H75,2,0),"Não encontrado") -> Romance | H21: =IFERROR(MATCH("Jane Eyre",'Movie Data'!A2:A75,0),"Não encontrado") -> 35
A23: 5. FUNÇÕES DE TEXTO — ARRUMAR | MAIÚSCULA | CONCATENAR | ESQUERDA | DIREITA | EXT.TEXTO | F23: 6. FUNÇÕES DE DATA — HOJE | ANO | MÊS | DIA
A24: Original (ARRUMAR) | B24: Sigla (ESQ+DIR) | C24: Concatenado | D24: Trecho (EXT.TEXTO) | F24: Descrição | G24: Fórmula | H24: Resultado
A25: =TRIM(UPPER('Movie Data'!A2)) -> MAMMA MIA! | B25: =CONCATENATE(LEFT('Movie Data'!A2,3),"-",RIGHT('Movie Data'!A2,3)) -> Mam-ia! | C25: =CONCATENATE(TRIM('Movie Data'!A2)," [", 'Movie Data'!B2,"]") -> Mamma Mia! [Comedy] | D25: =MID('Movie Data'!A2,1,8) -> Mamma Mi | F25: Data de hoje | G25: =TODAY() -> 46196 | H25: =TODAY() -> 46196
A26: =TRIM(UPPER('Movie Data'!A3)) -> WALL-E | B26: =CONCATENATE(LEFT('Movie Data'!A3,3),"-",RIGHT('Movie Data'!A3,3)) -> WAL-L-E | C26: =CONCATENATE(TRIM('Movie Data'!A3)," [", 'Movie Data'!B3,"]") -> WALL-E [Animation] | D26: =MID('Movie Data'!A3,1,8) -> WALL-E | F26: Ano atual | G26: =YEAR(TODAY()) -> 2026 | H26: =YEAR(TODAY()) -> 2026
A27: =TRIM(UPPER('Movie Data'!A4)) -> SEX AND THE CITY | B27: =CONCATENATE(LEFT('Movie Data'!A4,3),"-",RIGHT('Movie Data'!A4,3)) -> Sex-ity | C27: =CONCATENATE(TRIM('Movie Data'!A4)," [", 'Movie Data'!B4,"]") -> Sex and the City [Comedy] | D27: =MID('Movie Data'!A4,1,8) -> Sex and | F27: Mês atual | G27: =MONTH(TODAY()) -> 6 | H27: =MONTH(TODAY()) -> 6
A28: =TRIM(UPPER('Movie Data'!A5)) -> ENCHANTED | B28: =CONCATENATE(LEFT('Movie Data'!A5,3),"-",RIGHT('Movie Data'!A5,3)) -> Enc-ted | C28: =CONCATENATE(TRIM('Movie Data'!A5)," [", 'Movie Data'!B5,"]") -> Enchanted [Comedy] | D28: =MID('Movie Data'!A5,1,8) -> Enchante | F28: Dia atual | G28: =DAY(TODAY()) -> 23 | H28: =DAY(TODAY()) -> 23
A29: =TRIM(UPPER('Movie Data'!A6)) -> HIGH SCHOOL MUSICAL 3: SENIOR YEAR | B29: =CONCATENATE(LEFT('Movie Data'!A6,3),"-",RIGHT('Movie Data'!A6,3)) -> Hig-ear | C29: =CONCATENATE(TRIM('Movie Data'!A6)," [", 'Movie Data'!B6,"]") -> High School Musical 3: Senior Year [Comedy] | D29: =MID('Movie Data'!A6,1,8) -> High Sch | F29: Anos desde 2007 | G29: =YEAR(TODAY())-2007 -> 19 | H29: =YEAR(TODAY())-2007 -> 19
A30: =TRIM(UPPER('Movie Data'!A7)) -> WHAT HAPPENS IN VEGAS | B30: =CONCATENATE(LEFT('Movie Data'!A7,3),"-",RIGHT('Movie Data'!A7,3)) -> Wha-gas | C30: =CONCATENATE(TRIM('Movie Data'!A7)," [", 'Movie Data'!B7,"]") -> What Happens in Vegas [Comedy] | D30: =MID('Movie Data'!A7,1,8) -> What Hap | F30: Ano mais recente (base) | G30: =MAX('Movie Data'!H2:H75) -> 2011 | H30: =MAX('Movie Data'!H2:H75) -> 2011
A31: =TRIM(UPPER('Movie Data'!A8)) -> KNOCKED UP | B31: =CONCATENATE(LEFT('Movie Data'!A8,3),"-",RIGHT('Movie Data'!A8,3)) -> Kno- Up | C31: =CONCATENATE(TRIM('Movie Data'!A8)," [", 'Movie Data'!B8,"]") -> Knocked Up [Comedy] | D31: =MID('Movie Data'!A8,1,8) -> Knocked | F31: Ano mais antigo (base) | G31: =MIN('Movie Data'!H2:H75) -> 2007 | H31: =MIN('Movie Data'!H2:H75) -> 2007
A33: 7. MÚLTIPLOS CRITÉRIOS — SOMASES | CONT.SES | MÉDIASES | F33: 8. RANKING — ORDEM | ÍNDICE+CORRESP
A34: Gênero + Ano | B34: Qtd (CONT.SES) | C34: Gross (SOMASES) | D34: Méd. Audience (MÉDIASES) | F34: Top | G34: Filme (ÍNDICE+CORRESP) | H34: Rank Audience (ORDEM)
A35: Comedy 2008 | B35: =COUNTIFS('Movie Data'!B2:B75,"Comedy",'Movie Data'!H2:H75,2008) -> 12 | C35: =SUMIFS('Movie Data'!G2:G75,'Movie Data'!B2:B75,"Comedy",'Movie Data'!H2:H75,2008) -> 1.8322217e+09 | D35: =AVERAGEIFS('Movie Data'!D2:D75,'Movie Data'!B2:B75,"Comedy",'Movie Data'!H2:H75,2008) -> 68.666667 | F35: 1 | G35: =IFERROR(INDEX('Movie Data'!A$2:A$75,MATCH(LARGE('Movie Data'!G$2:G$75,1),'Movie Data'!G$2:G$75,0)),"-") -> Mamma Mia! | H35: =RANK('Movie Data'!D2,'Movie Data'!D$2:D$75,0) -> 18
A36: Comedy 2009 | B36: =COUNTIFS('Movie Data'!B2:B75,"Comedy",'Movie Data'!H2:H75,2009) -> 7 | C36: =SUMIFS('Movie Data'!G2:G75,'Movie Data'!B2:B75,"Comedy",'Movie Data'!H2:H75,2009) -> 1118.78 | D36: =AVERAGEIFS('Movie Data'!D2:D75,'Movie Data'!B2:B75,"Comedy",'Movie Data'!H2:H75,2009) -> 62.857143 | F36: 2 | G36: =IFERROR(INDEX('Movie Data'!A$2:A$75,MATCH(LARGE('Movie Data'!G$2:G$75,2),'Movie Data'!G$2:G$75,0)),"-") -> WALL-E | H36: =RANK('Movie Data'!D3,'Movie Data'!D$2:D$75,0) -> 1
A37: Drama 2008 | B37: =COUNTIFS('Movie Data'!B2:B75,"Drama",'Movie Data'!H2:H75,2008) -> 3 | C37: =SUMIFS('Movie Data'!G2:G75,'Movie Data'!B2:B75,"Drama",'Movie Data'!H2:H75,2008) -> 43339462 | D37: =AVERAGEIFS('Movie Data'!D2:D75,'Movie Data'!B2:B75,"Drama",'Movie Data'!H2:H75,2008) -> 60 | F37: 3 | G37: =IFERROR(INDEX('Movie Data'!A$2:A$75,MATCH(LARGE('Movie Data'!G$2:G$75,3),'Movie Data'!G$2:G$75,0)),"-") -> Sex and the City | H37: =RANK('Movie Data'!D4,'Movie Data'!D$2:D$75,0) -> 10
A38: Romance 2011 | B38: =COUNTIFS('Movie Data'!B2:B75,"Romance",'Movie Data'!H2:H75,2011) -> 8 | C38: =SUMIFS('Movie Data'!G2:G75,'Movie Data'!B2:B75,"Romance",'Movie Data'!H2:H75,2011) -> 186227.9 | D38: =AVERAGEIFS('Movie Data'!D2:D75,'Movie Data'!B2:B75,"Romance",'Movie Data'!H2:H75,2011) -> 56.125 | F38: 4 | G38: =IFERROR(INDEX('Movie Data'!A$2:A$75,MATCH(LARGE('Movie Data'!G$2:G$75,4),'Movie Data'!G$2:G$75,0)),"-") -> Enchanted | H38: =RANK('Movie Data'!D5,'Movie Data'!D$2:D$75,0) -> 13
A39: Animation 2011 | B39: =COUNTIFS('Movie Data'!B2:B75,"Animation",'Movie Data'!H2:H75,2011) -> 1 | C39: =SUMIFS('Movie Data'!G2:G75,'Movie Data'!B2:B75,"Animation",'Movie Data'!H2:H75,2011) -> 193967 | D39: =AVERAGEIFS('Movie Data'!D2:D75,'Movie Data'!B2:B75,"Animation",'Movie Data'!H2:H75,2011) -> 52 | F39: 5 | G39: =IFERROR(INDEX('Movie Data'!A$2:A$75,MATCH(LARGE('Movie Data'!G$2:G$75,5),'Movie Data'!G$2:G$75,0)),"-") -> High School Musical 3: Senior Year | H39: =RANK('Movie Data'!D6,'Movie Data'!D$2:D$75,0) -> 18
A40: Comedy 2010 | B40: =COUNTIFS('Movie Data'!B2:B75,"Comedy",'Movie Data'!H2:H75,2010) -> 15 | C40: =SUMIFS('Movie Data'!G2:G75,'Movie Data'!B2:B75,"Comedy",'Movie Data'!H2:H75,2010) -> 22636.12 | D40: =AVERAGEIFS('Movie Data'!D2:D75,'Movie Data'!B2:B75,"Comedy",'Movie Data'!H2:H75,2010) -> 52.6 | F40: 6 | G40: =IFERROR(INDEX('Movie Data'!A$2:A$75,MATCH(LARGE('Movie Data'!G$2:G$75,6),'Movie Data'!G$2:G$75,0)),"-") -> What Happens in Vegas | H40: =RANK('Movie Data'!D7,'Movie Data'!D$2:D$75,0) -> 22

Sheet Dashboard
B1: DASHBOARD — FILMES 2007-2011 | Asimov Jr · Semana 7
B3: Total de Filmes | G3: Avg Audience Score
B4: =COUNTA('Movie Data'!A2:A75) -> 74 | G4: =AVERAGE('Movie Data'!D2:D75) -> 63.472973
B10: Avg Rotten Tomatoes | G10: Maior Bilheteria ($)
B11: =AVERAGE('Movie Data'!F2:F75) -> 47.364865 | G11: =MAX('Movie Data'!G2:G75) -> 609473955
B19: TOP 10 — Maior Bilheteria Mundial | G19: DISTRIBUICAO POR GENERO — Qtd | Audience | RT %
B20: # | C20: Filme | D20: Gênero | E20: Gross | G20: Gênero | H20: Qtd | I20: Avg Audience | J20: Avg RT %
B21: 1 | C21: =IFERROR(INDEX('Movie Data'!A$2:A$75,MATCH(LARGE('Movie Data'!G$2:G$75,1),'Movie Data'!G$2:G$75,0)),"-") -> Mamma Mia! | D21: =IFERROR(INDEX('Movie Data'!B$2:B$75,MATCH(LARGE('Movie Data'!G$2:G$75,1),'Movie Data'!G$2:G$75,0)),"-") -> Comedy | E21: =IFERROR(LARGE('Movie Data'!G$2:G$75,1),0) -> 609473955 | G21: Comedy | H21: =COUNTIF('Movie Data'!B2:B75,"Comedy") -> 41 | I21: =IFERROR(AVERAGEIF('Movie Data'!B2:B75,"Comedy",'Movie Data'!D2:D75),0) -> 61.390244 | J21: =IFERROR(AVERAGEIF('Movie Data'!B2:B75,"Comedy",'Movie Data'!F2:F75),0) -> 43.487805
B22: 2 | C22: =IFERROR(INDEX('Movie Data'!A$2:A$75,MATCH(LARGE('Movie Data'!G$2:G$75,2),'Movie Data'!G$2:G$75,0)),"-") -> WALL-E | D22: =IFERROR(INDEX('Movie Data'!B$2:B$75,MATCH(LARGE('Movie Data'!G$2:G$75,2),'Movie Data'!G$2:G$75,0)),"-") -> Animation | E22: =IFERROR(LARGE('Movie Data'!G$2:G$75,2),0) -> 521283432 | G22: Romance | H22: =COUNTIF('Movie Data'!B2:B75,"Romance") -> 15 | I22: =IFERROR(AVERAGEIF('Movie Data'!B2:B75,"Romance",'Movie Data'!D2:D75),0) -> 63.4 | J22: =IFERROR(AVERAGEIF('Movie Data'!B2:B75,"Romance",'Movie Data'!F2:F75),0) -> 48.466667
B23: 3 | C23: =IFERROR(INDEX('Movie Data'!A$2:A$75,MATCH(LARGE('Movie Data'!G$2:G$75,3),'Movie Data'!G$2:G$75,0)),"-") -> Sex and the City | D23: =IFERROR(INDEX('Movie Data'!B$2:B$75,MATCH(LARGE('Movie Data'!G$2:G$75,3),'Movie Data'!G$2:G$75,0)),"-") -> Comedy | E23: =IFERROR(LARGE('Movie Data'!G$2:G$75,3),0) -> 415253258 | G23: Drama | H23: =COUNTIF('Movie Data'!B2:B75,"Drama") -> 13 | I23: =IFERROR(AVERAGEIF('Movie Data'!B2:B75,"Drama",'Movie Data'!D2:D75),0) -> 67.230769 | J23: =IFERROR(AVERAGEIF('Movie Data'!B2:B75,"Drama",'Movie Data'!F2:F75),0) -> 51.538462
B24: 4 | C24: =IFERROR(INDEX('Movie Data'!A$2:A$75,MATCH(LARGE('Movie Data'!G$2:G$75,4),'Movie Data'!G$2:G$75,0)),"-") -> Enchanted | D24: =IFERROR(INDEX('Movie Data'!B$2:B$75,MATCH(LARGE('Movie Data'!G$2:G$75,4),'Movie Data'!G$2:G$75,0)),"-") -> Comedy | E24: =IFERROR(LARGE('Movie Data'!G$2:G$75,4),0) -> 340487652 | G24: Animation | H24: =COUNTIF('Movie Data'!B2:B75,"Animation") -> 3 | I24: =IFERROR(AVERAGEIF('Movie Data'!B2:B75,"Animation",'Movie Data'!D2:D75),0) -> 76.333333 | J24: =IFERROR(AVERAGEIF('Movie Data'!B2:B75,"Animation",'Movie Data'!F2:F75),0) -> 80.333333
B25: 5 | C25: =IFERROR(INDEX('Movie Data'!A$2:A$75,MATCH(LARGE('Movie Data'!G$2:G$75,5),'Movie Data'!G$2:G$75,0)),"-") -> High School Musical 3: Senior Year | D25: =IFERROR(INDEX('Movie Data'!B$2:B$75,MATCH(LARGE('Movie Data'!G$2:G$75,5),'Movie Data'!G$2:G$75,0)),"-") -> Comedy | E25: =IFERROR(LARGE('Movie Data'!G$2:G$75,5),0) -> 252044501 | G25: Fantasy | H25: =COUNTIF('Movie Data'!B2:B75,"Fantasy") -> 1 | I25: =IFERROR(AVERAGEIF('Movie Data'!B2:B75,"Fantasy",'Movie Data'!D2:D75),0) -> 81 | J25: =IFERROR(AVERAGEIF('Movie Data'!B2:B75,"Fantasy",'Movie Data'!F2:F75),0) -> 73
B26: 6 | C26: =IFERROR(INDEX('Movie Data'!A$2:A$75,MATCH(LARGE('Movie Data'!G$2:G$75,6),'Movie Data'!G$2:G$75,0)),"-") -> What Happens in Vegas | D26: =IFERROR(INDEX('Movie Data'!B$2:B$75,MATCH(LARGE('Movie Data'!G$2:G$75,6),'Movie Data'!G$2:G$75,0)),"-") -> Comedy | E26: =IFERROR(LARGE('Movie Data'!G$2:G$75,6),0) -> 219367646 | G26: Action | H26: =COUNTIF('Movie Data'!B2:B75,"Action") -> 1 | I26: =IFERROR(AVERAGEIF('Movie Data'!B2:B75,"Action",'Movie Data'!D2:D75),0) -> 45 | J26: =IFERROR(AVERAGEIF('Movie Data'!B2:B75,"Action",'Movie Data'!F2:F75),0) -> 11
B27: 7 | C27: =IFERROR(INDEX('Movie Data'!A$2:A$75,MATCH(LARGE('Movie Data'!G$2:G$75,7),'Movie Data'!G$2:G$75,0)),"-") -> Knocked Up | D27: =IFERROR(INDEX('Movie Data'!B$2:B$75,MATCH(LARGE('Movie Data'!G$2:G$75,7),'Movie Data'!G$2:G$75,0)),"-") -> Comedy | E27: =IFERROR(LARGE('Movie Data'!G$2:G$75,7),0) -> 219001261
B28: 8 | C28: =IFERROR(INDEX('Movie Data'!A$2:A$75,MATCH(LARGE('Movie Data'!G$2:G$75,8),'Movie Data'!G$2:G$75,0)),"-") -> 27 Dresses | D28: =IFERROR(INDEX('Movie Data'!B$2:B$75,MATCH(LARGE('Movie Data'!G$2:G$75,8),'Movie Data'!G$2:G$75,0)),"-") -> Comedy | E28: =IFERROR(LARGE('Movie Data'!G$2:G$75,8),0) -> 160308654
B29: 9 | C29: =IFERROR(INDEX('Movie Data'!A$2:A$75,MATCH(LARGE('Movie Data'!G$2:G$75,9),'Movie Data'!G$2:G$75,0)),"-") -> P.S. I Love You | D29: =IFERROR(INDEX('Movie Data'!B$2:B$75,MATCH(LARGE('Movie Data'!G$2:G$75,9),'Movie Data'!G$2:G$75,0)),"-") -> Romance | E29: =IFERROR(LARGE('Movie Data'!G$2:G$75,9),0) -> 153093505
B30: 10 | C30: =IFERROR(INDEX('Movie Data'!A$2:A$75,MATCH(LARGE('Movie Data'!G$2:G$75,10),'Movie Data'!G$2:G$75,0)),"-") -> Music and Lyrics | D30: =IFERROR(INDEX('Movie Data'!B$2:B$75,MATCH(LARGE('Movie Data'!G$2:G$75,10),'Movie Data'!G$2:G$75,0)),"-") -> Romance | E30: =IFERROR(LARGE('Movie Data'!G$2:G$75,10),0) -> 145896422
B32: FUNCOES DE TEXTO — ARRUMAR | CONCATENAR | ESQUERDA | DIREITA | EXT.TEXTO | G32: DATAS E LOGICA — HOJE | ANO | SE | OU | SEERRO
B33: Nome (MAIÚSCULA) | C33: Sigla | D33: Nome+Gênero | E33: Trecho | G33: Filme | H33: Ano Lançamento | I33: Anos Atras | J33: Classificação
B34: =UPPER(TRIM('Movie Data'!A2)) -> MAMMA MIA! | C34: =CONCATENATE(LEFT('Movie Data'!A2,2),".",RIGHT('Movie Data'!A2,2)) -> Ma.a! | D34: =CONCATENATE(TRIM('Movie Data'!A2)," | ",'Movie Data'!B2) -> Mamma Mia! | Comedy | E34: =MID('Movie Data'!A2,1,8) -> Mamma Mi | G34: =IFERROR('Movie Data'!A2,"-") -> Mamma Mia! | H34: ='Movie Data'!H2 -> 2008 | I34: =YEAR(TODAY())-'Movie Data'!H2 -> 18 | J34: =IF(OR('Movie Data'!D2>=80,'Movie Data'!D2<=30),IF('Movie Data'!D2>=80,"Hit","Flop"),"Moderado") -> Moderado
B35: =UPPER(TRIM('Movie Data'!A3)) -> WALL-E | C35: =CONCATENATE(LEFT('Movie Data'!A3,2),".",RIGHT('Movie Data'!A3,2)) -> WA.-E | D35: =CONCATENATE(TRIM('Movie Data'!A3)," | ",'Movie Data'!B3) -> WALL-E | Animation | E35: =MID('Movie Data'!A3,1,8) -> WALL-E | G35: =IFERROR('Movie Data'!A3,"-") -> WALL-E | H35: ='Movie Data'!H3 -> 2008 | I35: =YEAR(TODAY())-'Movie Data'!H3 -> 18 | J35: =IF(OR('Movie Data'!D3>=80,'Movie Data'!D3<=30),IF('Movie Data'!D3>=80,"Hit","Flop"),"Moderado") -> Hit
B36: =UPPER(TRIM('Movie Data'!A4)) -> SEX AND THE CITY | C36: =CONCATENATE(LEFT('Movie Data'!A4,2),".",RIGHT('Movie Data'!A4,2)) -> Se.ty | D36: =CONCATENATE(TRIM('Movie Data'!A4)," | ",'Movie Data'!B4) -> Sex and the City | Comedy | E36: =MID('Movie Data'!A4,1,8) -> Sex and | G36: =IFERROR('Movie Data'!A4,"-") -> Sex and the City | H36: ='Movie Data'!H4 -> 2008 | I36: =YEAR(TODAY())-'Movie Data'!H4 -> 18 | J36: =IF(OR('Movie Data'!D4>=80,'Movie Data'!D4<=30),IF('Movie Data'!D4>=80,"Hit","Flop"),"Moderado") -> Hit
B37: =UPPER(TRIM('Movie Data'!A5)) -> ENCHANTED | C37: =CONCATENATE(LEFT('Movie Data'!A5,2),".",RIGHT('Movie Data'!A5,2)) -> En.ed | D37: =CONCATENATE(TRIM('Movie Data'!A5)," | ",'Movie Data'!B5) -> Enchanted | Comedy | E37: =MID('Movie Data'!A5,1,8) -> Enchante | G37: =IFERROR('Movie Data'!A5,"-") -> Enchanted | H37: ='Movie Data'!H5 -> 2007 | I37: =YEAR(TODAY())-'Movie Data'!H5 -> 19 | J37: =IF(OR('Movie Data'!D5>=80,'Movie Data'!D5<=30),IF('Movie Data'!D5>=80,"Hit","Flop"),"Moderado") -> Hit
B38: =UPPER(TRIM('Movie Data'!A6)) -> HIGH SCHOOL MUSICAL 3: SENIOR YEAR | C38: =CONCATENATE(LEFT('Movie Data'!A6,2),".",RIGHT('Movie Data'!A6,2)) -> Hi.ar | D38: =CONCATENATE(TRIM('Movie Data'!A6)," | ",'Movie Data'!B6) -> High School Musical 3: Senior Year | Comedy | E38: =MID('Movie Data'!A6,1,8) -> High Sch | G38: =IFERROR('Movie Data'!A6,"-") -> High School Musical 3: Senior Year | H38: ='Movie Data'!H6 -> 2008 | I38: =YEAR(TODAY())-'Movie Data'!H6 -> 18 | J38: =IF(OR('Movie Data'!D6>=80,'Movie Data'!D6<=30),IF('Movie Data'!D6>=80,"Hit","Flop"),"Moderado") -> Moderado
B39: =UPPER(TRIM('Movie Data'!A7)) -> WHAT HAPPENS IN VEGAS | C39: =CONCATENATE(LEFT('Movie Data'!A7,2),".",RIGHT('Movie Data'!A7,2)) -> Wh.as | D39: =CONCATENATE(TRIM('Movie Data'!A7)," | ",'Movie Data'!B7) -> What Happens in Vegas | Comedy | E39: =MID('Movie Data'!A7,1,8) -> What Hap | G39: =IFERROR('Movie Data'!A7,"-") -> What Happens in Vegas | H39: ='Movie Data'!H7 -> 2008 | I39: =YEAR(TODAY())-'Movie Data'!H7 -> 18 | J39: =IF(OR('Movie Data'!D7>=80,'Movie Data'!D7<=30),IF('Movie Data'!D7>=80,"Hit","Flop"),"Moderado") -> Moderado
B49: =CONCATENATE("Gerado em: ",TEXT(TODAY(),"DD/MM/AAAA")," | Base: Movie Dataset 2007-2011 | Asimov Jr - Semana 7") -> Gerado em: 23/06/2026 | Base: Movie Dataset 2007-2011 | Asimov Jr - Semana 7
